-5.763976506385829618e-02,-5.168894911813697729e-02,5.461216040801010431e-04,-6.282100262286305536e+01,-8.182212336558083621e+01,6.362183610640025790e+02
-5.733287070239010547e-02,-5.141365532042609793e-02,5.702920806281476258e-04,-6.281934404653213733e+01,-8.182136963248899519e+01,6.362670377357630969e+02
-5.793349727386785941e-02,-5.192254530957402664e-02,5.098574178875350761e-04,-6.282068347575071243e+01,-8.181667261401587155e+01,6.361817451019355758e+02
-5.789523332982719761e-02,-5.135694210728090903e-02,5.753973073871097507e-04,-6.282298706698386326e+01,-8.182154154679842861e+01,6.362615735148035583e+02
-5.810964327549503899e-02,-5.170797547136095351e-02,5.512946868863541350e-04,-6.282404895553372626e+01,-8.182492414494474531e+01,6.362354618941849367e+02
-5.804271938137971210e-02,-5.159315613110599524e-02,5.755625367909950659e-04,-6.281753871220646346e+01,-8.182262382405082235e+01,6.362334374557018464e+02
-5.743527758539976324e-02,-5.219409164432437659e-02,5.364527289379220467e-04,-6.281653983127760910e+01,-8.181969005315882271e+01,6.361756514880391933e+02
-5.804541452256831158e-02,-5.168644183346452620e-02,4.976252085892552638e-04,-6.282634346449206930e+01,-8.181973616215897493e+01,6.362268895931564430e+02
-5.751177788194472562e-02,-5.130323698534166449e-02,5.841490486051519743e-04,-6.282164589602754035e+01,-8.182190455545836016e+01,6.362511909449108316e+02
-5.760985842414582947e-02,-5.161030578201195040e-02,5.717585615505746052e-04,-6.281906455555235169e+01,-8.182330422067555276e+01,6.362377266182518269e+02
-5.770380167628527679e-02,-5.198804745087357015e-02,5.640060210255813753e-04,-6.281787286359873690e+01,-8.182328270871900600e+01,6.362173323902227366e+02
-5.799183866840210838e-02,-5.187436300873625450e-02,5.545773261073467467e-04,-6.281576623358997580e+01,-8.182213814838192434e+01,6.362505737802106296e+02
-5.790225442257760508e-02,-5.207374159621549342e-02,5.483333828425520631e-04,-6.281758518899501098e+01,-8.182087818588844641e+01,6.361780717591593657e+02
-5.806482356303928338e-02,-5.121787573415022971e-02,5.971904735072354215e-04,-6.282301819320118597e+01,-8.182501911457495680e+01,6.362567407837627798e+02
-5.733796064333398362e-02,-5.213484545174076890e-02,5.680316615725294893e-04,-6.281931718866344738e+01,-8.182173498865918759e+01,6.361377426035300005e+02
-5.799684964716921715e-02,-5.204404602148843262e-02,5.179618859209840845e-04,-6.281839098239345276e+01,-8.181971550619863365e+01,6.361979632709064845e+02
-5.756564641308536956e-02,-5.185145390956952260e-02,5.136697795297406888e-04,-6.282308490268950862e+01,-8.181717458292780520e+01,6.361839625967820666e+02
-5.788400483241409183e-02,-5.146063155201014566e-02,5.602914917097030984e-04,-6.282036195522042021e+01,-8.182149162456768465e+01,6.362692519049012390e+02
-5.801367774035931513e-02,-5.157837210317922638e-02,5.617948045049154940e-04,-6.282336625646228612e+01,-8.182158132923768790e+01,6.362327350569836426e+02
-5.746408915650146054e-02,-5.198837981563803057e-02,5.148495562752750327e-04,-6.282581778526198946e+01,-8.182108265447087092e+01,6.361611510862494470e+02
-5.815713700935921937e-02,-5.164434112297135865e-02,5.785367232090223369e-04,-6.282313940217790105e+01,-8.182234911534044386e+01,6.362601653282673624e+02
-5.772931419459620406e-02,-5.210608907278824892e-02,5.248296034140129693e-04,-6.282060500632778854e+01,-8.182219465934491609e+01,6.361573048148109137e+02
-5.819276749629219425e-02,-5.248092306618262065e-02,5.286035695319087156e-04,-6.281523101860605607e+01,-8.182213106662892699e+01,6.361657206159217139e+02
-5.779825266355038960e-02,-5.156212459090513817e-02,5.620932862076356623e-04,-6.282008390564838862e+01,-8.182120405573083133e+01,6.362299767583608627e+02
-5.731118163772002533e-02,-5.132982337214520713e-02,5.871596233937078236e-04,-6.281743436612268994e+01,-8.182557485219534499e+01,6.362404478971145636e+02
-5.775021640321940236e-02,-5.172589902985696292e-02,5.410636659528286286e-04,-6.281986525283101486e+01,-8.182333158627228897e+01,6.362287231141159509e+02
-5.736118593398133875e-02,-5.160830721819231748e-02,5.635410750671310904e-04,-6.281828441941593155e+01,-8.182424872550011230e+01,6.362225091879488446e+02
-5.746652091742198570e-02,-5.140972634351898690e-02,4.948725128496130792e-04,-6.282246832851407703e+01,-8.181446170387555128e+01,6.362290768531059939e+02
-5.727982376246797819e-02,-5.207607936763077039e-02,5.212403238970342648e-04,-6.281582027634725307e+01,-8.182023679913064029e+01,6.361615968663908234e+02
-5.740476171044080894e-02,-5.211515624741312747e-02,5.963526145193672216e-04,-6.281436897009648845e+01,-8.182650458084562217e+01,6.361625830882650234e+02
-5.810239477689553567e-02,-5.219886062593590698e-02,5.438674769545831034e-04,-6.281693372179849177e+01,-8.182015317705469215e+01,6.361930557346362320e+02
-5.802940613612864867e-02,-5.171774542487812820e-02,5.478432992010617191e-04,-6.282616850694587640e+01,-8.182263332281621615e+01,6.362544139075430394e+02
-5.779538458030450410e-02,-5.174196912103299489e-02,5.551439058354920315e-04,-6.282111207296563293e+01,-8.182455055201812399e+01,6.361686384337473328e+02
-5.794527269157170174e-02,-5.231557399287785348e-02,5.379751322669574761e-04,-6.281612712123816067e+01,-8.182360921579511626e+01,6.361775183383861076e+02
-5.795611778999158747e-02,-5.164955129098850600e-02,5.225797636955614462e-04,-6.282425024219185161e+01,-8.182304411013537049e+01,6.362416370833893779e+02
-5.768671234432627692e-02,-5.160958295252010553e-02,5.283541590076307149e-04,-6.282331531163393379e+01,-8.181822774700880530e+01,6.362452194781002390e+02
-5.790701216364461945e-02,-5.193830295686416992e-02,5.723983816742928693e-04,-6.282145395238639907e+01,-8.182191547597356873e+01,6.362087645465582000e+02
-5.765026337249395949e-02,-5.188428388345604769e-02,5.323861673169346482e-04,-6.281824994185807043e+01,-8.182239788835866534e+01,6.361744598890445559e+02
-5.738529579655957807e-02,-5.176477300744882631e-02,5.702843171556327062e-04,-6.281624655062432083e+01,-8.182127600032093540e+01,6.361769460958225864e+02
-5.744026699783115475e-02,-5.164421703094441291e-02,5.842573314713433476e-04,-6.281752589396785424e+01,-8.182290274101775651e+01,6.361849237115486631e+02
-5.719240105449653611e-02,-5.125113231505570160e-02,5.157660949369619052e-04,-6.282505486201755218e+01,-8.182097910637455129e+01,6.362276899139217221e+02
-5.751628093365582228e-02,-5.117888403436904321e-02,5.643799430793254059e-04,-6.282306921347420570e+01,-8.182144607078041076e+01,6.362574486773673925e+02
-5.776352506074914489e-02,-5.213915194181886759e-02,5.696842587212241210e-04,-6.281585870404033045e+01,-8.182382357918713467e+01,6.361744262990057450e+02
-5.810369892127015268e-02,-5.190036970156820806e-02,5.688862705120398527e-04,-6.281622965105202638e+01,-8.182055511916959745e+01,6.362142310799691813e+02
-5.758710370208541818e-02,-5.140506245431367138e-02,5.516961380540991427e-04,-6.281920150738486797e+01,-8.182131620085276325e+01,6.361923659671647329e+02
-5.832329058481337120e-02,-5.189803852238490667e-02,5.052565988895178816e-04,-6.281955370229417923e+01,-8.181840754553083173e+01,6.362164899102124309e+02
-5.747419340966482965e-02,-5.178276261691706212e-02,6.243605458187032964e-04,-6.281650021194285216e+01,-8.182953902097568744e+01,6.361681864583956667e+02
-5.711457299448233216e-02,-5.172821883711258700e-02,5.408392955903645665e-04,-6.282091604083892378e+01,-8.182107840304405499e+01,6.362084855326158959e+02
-5.771583872379656283e-02,-5.125812657904676301e-02,5.595785311697772449e-04,-6.282544958199338225e+01,-8.182142054918627139e+01,6.362398865076529546e+02
-5.769992069357852277e-02,-5.169924737911311269e-02,5.567037775066158113e-04,-6.281761687433852615e+01,-8.182268659634782182e+01,6.362023342788924083e+02
-5.790765431551159886e-02,-5.177539228206342464e-02,5.343678679433262616e-04,-6.281977221284502377e+01,-8.181840663568449656e+01,6.362110049580201121e+02
-5.767433720917310158e-02,-5.207682276543542516e-02,5.656837218173715919e-04,-6.281685050555648075e+01,-8.182580266488014331e+01,6.362065225566807385e+02
-5.820555921957384915e-02,-5.123620506371699690e-02,5.644661049650765740e-04,-6.282571518662573595e+01,-8.182360630509683119e+01,6.362923648083104808e+02
-5.764229164323099452e-02,-5.223331082894979577e-02,5.385896243809666509e-04,-6.281567606517558744e+01,-8.182139166956481802e+01,6.361585638809250440e+02
-5.742101296592570792e-02,-5.156490239911803303e-02,5.834610782691822218e-04,-6.281728228422675642e+01,-8.182259361348249627e+01,6.362328284211429263e+02
-5.796500196820596196e-02,-5.200935132834746955e-02,5.715624119221746069e-04,-6.281403726951709388e+01,-8.182201173329964661e+01,6.362129778270647193e+02
-5.792658778264043323e-02,-5.151717204832870906e-02,5.275026225484782689e-04,-6.282141671756622969e+01,-8.182202685387417773e+01,6.362245846966563931e+02
-5.761570423993154361e-02,-5.162083651035391518e-02,5.530341674076750614e-04,-6.282149257212127225e+01,-8.182255714515227396e+01,6.362088401974552880e+02
-5.817534688625627254e-02,-5.160138683125906067e-02,5.396472337811429685e-04,-6.282581902360747961e+01,-8.181809854839622176e+01,6.362327157306373238e+02
-5.761222798554405111e-02,-5.166912443569963986e-02,6.209650568916697758e-04,-6.281554863019956514e+01,-8.182722941046577603e+01,6.362355586603187021e+02
-5.773238695360841111e-02,-5.106388014641322082e-02,5.960531556424598920e-04,-6.281910351172984264e+01,-8.182382060868279439e+01,6.363164408782392911e+02
-5.751070042585573056e-02,-5.174910119816636400e-02,5.335009010166500820e-04,-6.281905613701690783e+01,-8.181854301933196894e+01,6.361789060641203832e+02
-5.765277903649881908e-02,-5.121180303047506016e-02,6.135414599016692644e-04,-6.282187409907892572e+01,-8.182872428427306488e+01,6.362773298609077983e+02
-5.795241124200273264e-02,-5.189651888368979060e-02,5.905702120888559233e-04,-6.281806185477599058e+01,-8.182441681367404840e+01,6.361997883589790490e+02
-5.701000678001846844e-02,-5.177773191551810622e-02,5.866017546728803569e-04,-6.281725513010732698e+01,-8.182496549458031154e+01,6.361973347950840889e+02
-5.787874032706280536e-02,-5.185371408283442896e-02,5.266275265038000827e-04,-6.281675052075802768e+01,-8.182210268455619939e+01,6.362221267258768194e+02
-5.791802536724695305e-02,-5.185387477391987382e-02,5.150251084694803692e-04,-6.282208053386467839e+01,-8.182162454281018427e+01,6.362403219303200785e+02
-5.733658893081031160e-02,-5.156892413227807254e-02,5.595345706863154647e-04,-6.282231326124685467e+01,-8.182210299261218722e+01,6.362111329048401558e+02
-5.780264706408500680e-02,-5.190955348956290821e-02,5.277891581233253851e-04,-6.282072838526858050e+01,-8.181929084480084668e+01,6.361873947381515109e+02
-5.777230945403584450e-02,-5.144204332267336005e-02,5.789745614141061794e-04,-6.282188420955824171e+01,-8.182038329566857726e+01,6.362169505352754868e+02
-5.792202571001351524e-02,-5.184570083754492381e-02,5.259556471171875688e-04,-6.282063440277078570e+01,-8.181819332550202262e+01,6.362207885418425803e+02
-5.764345938103069417e-02,-5.129231208796142250e-02,5.962915565734019365e-04,-6.281676946610672729e+01,-8.182448169985890729e+01,6.362692630175296244e+02
-5.772084839915220256e-02,-5.175759719285443622e-02,5.482597885845398415e-04,-6.281670315337230193e+01,-8.182274966125571325e+01,6.362283546291648690e+02
-5.814406987279861772e-02,-5.189316315734698176e-02,5.638822780121078345e-04,-6.281885436219797469e+01,-8.182310831918806571e+01,6.362147137067705671e+02
-5.759287105432483317e-02,-5.176156503359591321e-02,5.544786022862054596e-04,-6.282049604835974321e+01,-8.182110913541396258e+01,6.361908419318990582e+02
-5.728583408161237733e-02,-5.209849225574383902e-02,5.201611615110259034e-04,-6.282134142580374458e+01,-8.182192051150018131e+01,6.361897048545723692e+02
-5.765932413285550923e-02,-5.100922245460782350e-02,5.498432724452467562e-04,-6.282905630331501357e+01,-8.182141473675031307e+01,6.362697595438188500e+02
-5.735385815256207470e-02,-5.153105270393317644e-02,5.993602121263600507e-04,-6.281794450483987902e+01,-8.182609194736642166e+01,6.362256630602178120e+02
-5.746700458792493305e-02,-5.169413707839264766e-02,5.913551592822331336e-04,-6.282150505379004102e+01,-8.182223843453412826e+01,6.361835041279362031e+02
-5.737594040285048241e-02,-5.152370054878895045e-02,5.456612668782753577e-04,-6.282413783812332753e+01,-8.182204496911468539e+01,6.361910053065007560e+02
-5.737167776708498174e-02,-5.181852700173007059e-02,5.347174080213161528e-04,-6.282221632907108955e+01,-8.182105417567738925e+01,6.361838152637724306e+02
-5.772815547737205483e-02,-5.156983868568410651e-02,5.651026446098708503e-04,-6.282003341260981699e+01,-8.182241277977701088e+01,6.362599737611451474e+02
-5.773418905939516066e-02,-5.156513522382705911e-02,5.621395419987894023e-04,-6.281786150195500795e+01,-8.182116429851346595e+01,6.362520107815957999e+02
-5.814884224244813021e-02,-5.183790899739861013e-02,5.350753106904997851e-04,-6.282072385761264854e+01,-8.181984190777789934e+01,6.361995883130186940e+02
-5.743922933966207067e-02,-5.146866070591147452e-02,5.580945150180144278e-04,-6.282181371423945393e+01,-8.182414417279521501e+01,6.362103688833823298e+02
-5.805519739322848732e-02,-5.112802606519582793e-02,5.488404155215736210e-04,-6.282537756317674393e+01,-8.182143636741186299e+01,6.362837508940110638e+02
-5.754669516247319649e-02,-5.176019796772774600e-02,5.671842730395814866e-04,-6.281900291524406299e+01,-8.182217074107758492e+01,6.361895969349884581e+02
-5.769598707793746617e-02,-5.123113901733303971e-02,5.472698492387593604e-04,-6.282607613435465055e+01,-8.182160529302102248e+01,6.362835919855599514e+02
-5.757356054010382557e-02,-5.148890819238110400e-02,5.369537497564043750e-04,-6.282223278988506365e+01,-8.181847497732702834e+01,6.362174216515137459e+02
-5.774391788823466515e-02,-5.165019862692061398e-02,5.540713631591091771e-04,-6.282211367558639381e+01,-8.182262978752287097e+01,6.362282658293454460e+02
-5.782745501439620628e-02,-5.120510763646249353e-02,6.054973646415908817e-04,-6.282396716433330397e+01,-8.182479726847576273e+01,6.362614127233748604e+02
-5.758092706089075474e-02,-5.178011486659787888e-02,5.399808722673384541e-04,-6.282193697424615664e+01,-8.182115282119065114e+01,6.361965494517303341e+02
-5.820492500332611480e-02,-5.246338845913214866e-02,5.407223261373921485e-04,-6.281740843705276944e+01,-8.181996469644063552e+01,6.361291272693774772e+02
-5.806562204778488445e-02,-5.177776467695843071e-02,5.682782619268438983e-04,-6.282021918912914771e+01,-8.182335615347908231e+01,6.362253225149820537e+02
-5.782985830878378114e-02,-5.199092419276523519e-02,5.485384030853417961e-04,-6.281664299580820909e+01,-8.182219261488407369e+01,6.362046038271943189e+02
-5.753670737078522834e-02,-5.170356670603287047e-02,5.564135978707171947e-04,-6.282006999939353875e+01,-8.182470259597016593e+01,6.362072310003761686e+02
-5.744439116696805486e-02,-5.150611592571552322e-02,5.801074954657568089e-04,-6.282032355709432636e+01,-8.182411446639795827e+01,6.362387330520110709e+02
-5.758058355614606438e-02,-5.136545529696801698e-02,5.710663508714326677e-04,-6.282070025521961298e+01,-8.182379754431163121e+01,6.362343698925428725e+02
-5.788965732901999589e-02,-5.124072395531452384e-02,5.499291544469077364e-04,-6.282601313934785026e+01,-8.182193328133129739e+01,6.362704298475922542e+02
-5.800360171724765895e-02,-5.182285886604019037e-02,5.382812892347822210e-04,-6.281559090639992604e+01,-8.181970138155112693e+01,6.362036275647262755e+02
-5.761333609064193950e-02,-5.161362048584954704e-02,5.962866036939625664e-04,-6.281690447426377943e+01,-8.182466646816833133e+01,6.362133823898185483e+02
-5.725875078185049816e-02,-5.215842131855272235e-02,5.440471772911901691e-04,-6.281699721451211360e+01,-8.182372038496707489e+01,6.361466767004070562e+02
-5.757646324698469098e-02,-5.163625346616555062e-02,6.103256761877608357e-04,-6.281625766234787278e+01,-8.182742510369608624e+01,6.362177088178721078e+02
-5.791900725303089636e-02,-5.170960176611941184e-02,5.063350581287612544e-04,-6.282324304928362579e+01,-8.181678323621187587e+01,6.362047501724425729e+02
-5.755565361176158412e-02,-5.066833216731526229e-02,5.744538260110767548e-04,-6.282028376893430988e+01,-8.182075245721472356e+01,6.362993181488119490e+02
-5.769747952704157301e-02,-5.112337212018985139e-02,5.971379170814345274e-04,-6.281769926089767608e+01,-8.182232174045275030e+01,6.362920416397475947e+02
-5.802812407910869913e-02,-5.217183021867945886e-02,5.317762979261616858e-04,-6.282167480163997197e+01,-8.182043543986917200e+01,6.361883090958383491e+02
-5.774864919241341765e-02,-5.162498217805244066e-02,5.573596083434895166e-04,-6.281854295378892772e+01,-8.182374043464099600e+01,6.362263697638476287e+02
-5.781559976967138442e-02,-5.145555632890577713e-02,5.576494243451625378e-04,-6.282056571349618679e+01,-8.182324820151393396e+01,6.362285872559700692e+02
-5.798589677515332552e-02,-5.170844379903986876e-02,5.626370778533508824e-04,-6.281719776865204352e+01,-8.182365688462948583e+01,6.362242732224040083e+02
-5.752056194215996593e-02,-5.195508676376484752e-02,5.521374500978808034e-04,-6.281539079441229489e+01,-8.182106072874459812e+01,6.361563418700532111e+02
-5.750071921124338958e-02,-5.206002933069835831e-02,5.435193304159402798e-04,-6.281950278483628836e+01,-8.182425416619950909e+01,6.361553422058238993e+02
-5.767876458908121479e-02,-5.182552241424961265e-02,5.192750869383507559e-04,-6.281790900097475117e+01,-8.181920163802335821e+01,6.362039500435524815e+02
-5.804185712120451396e-02,-5.152459039655180040e-02,5.502182099012412411e-04,-6.282208317901918804e+01,-8.182036381134957992e+01,6.362309740426270537e+02
-5.708992880832295530e-02,-5.151300803012934942e-02,5.711813013195772863e-04,-6.282136797043129661e+01,-8.182268558325395702e+01,6.362162079191349449e+02
-5.755429096789497351e-02,-5.180409001265895430e-02,5.576634415850719112e-04,-6.281670999354982854e+01,-8.182035442651513790e+01,6.361977388616828648e+02
-5.810142719972905684e-02,-5.166417351645152117e-02,5.054705271590235159e-04,-6.282836804009485121e+01,-8.181691017660405407e+01,6.362019776092072334e+02
-5.716119662147538250e-02,-5.174707950126563455e-02,5.834124837756747431e-04,-6.282155814616731249e+01,-8.182664729306134177e+01,6.361789631218194927e+02
-5.789476697263195443e-02,-5.160115205423158879e-02,5.647446374573422819e-04,-6.282604154554314135e+01,-8.182122788715274453e+01,6.362232159997233794e+02
-5.772611440084861323e-02,-5.169669460528995147e-02,5.147457099035496197e-04,-6.282401265985730987e+01,-8.181906812403880735e+01,6.362350429744495841e+02
-5.786092733986991643e-02,-5.152993683067931541e-02,5.911853808720833690e-04,-6.281714121401358852e+01,-8.182465161613104954e+01,6.362469509744287279e+02
-5.794970610067558259e-02,-5.206684497377950943e-02,5.477955550281263328e-04,-6.281532721921711016e+01,-8.181933523362037874e+01,6.361779788914078608e+02
-5.828092034258804816e-02,-5.218007626284947020e-02,4.593259004842138987e-04,-6.282077433650118792e+01,-8.181498785599474388e+01,6.361985823748930216e+02
-5.748894520730896129e-02,-5.166556555705277554e-02,5.327029334773649826e-04,-6.282454835652714564e+01,-8.182315674773658998e+01,6.361910580867473755e+02
-5.729906957902747289e-02,-5.197440204807305536e-02,5.393711850278374220e-04,-6.281792905318047104e+01,-8.182280264428044347e+01,6.361618264627089729e+02
-5.722229553671014796e-02,-5.191941761071386385e-02,4.919005181046722051e-04,-6.282355437609525950e+01,-8.181646062706165878e+01,6.361583117872164621e+02
-5.815694320413340723e-02,-5.134507557424183161e-02,5.676742449789306958e-04,-6.282148075246027474e+01,-8.181860121511115835e+01,6.362684366408166170e+02
-5.782238031590136718e-02,-5.182278010544693475e-02,4.900143327585527965e-04,-6.282597555973880077e+01,-8.181485699095563291e+01,6.361796576516242112e+02
-5.816245160431677413e-02,-5.151364805529087820e-02,5.681597006701256990e-04,-6.282050753854875325e+01,-8.182187961909502860e+01,6.362540458787478883e+02
-5.789301599696793088e-02,-5.095444164724143021e-02,5.981495562770128109e-04,-6.282457856823837261e+01,-8.182432974711306883e+01,6.363140761535693173e+02
-5.734015668546597194e-02,-5.130278502728870954e-02,5.830620656550814917e-04,-6.282044648801436182e+01,-8.182211643853911198e+01,6.362444950983732497e+02
-5.788875532275099267e-02,-5.114595447170488390e-02,5.457638513728252112e-04,-6.282600177964713595e+01,-8.181832337473036887e+01,6.362574636077939658e+02
-5.745022098336348415e-02,-5.199249357670774480e-02,5.205102909159878754e-04,-6.282083987304574890e+01,-8.181798592305891304e+01,6.361609344379529603e+02
-5.732673757744988219e-02,-5.127008116854700481e-02,5.439720797134099065e-04,-6.282534757857908403e+01,-8.182315602679928190e+01,6.362363794897132721e+02
-5.756650866434433189e-02,-5.223789006959789205e-02,5.605136240911751198e-04,-6.281938208811485680e+01,-8.182259788087611696e+01,6.361320398856462361e+02
-5.721795498580739547e-02,-5.169806757314066026e-02,5.508036488559273124e-04,-6.282248830048933996e+01,-8.181848987130751993e+01,6.361502636027638573e+02
-5.794149246003427178e-02,-5.158066944096695999e-02,5.605482304146244604e-04,-6.282061197467346148e+01,-8.182053139536762387e+01,6.361947674207410728e+02
-5.761760179457093428e-02,-5.193177559976783209e-02,5.830489958158043473e-04,-6.281528131961035655e+01,-8.182424041866345021e+01,6.361997169117889825e+02
-5.798096141547198074e-02,-5.164068960977032108e-02,5.547061752937610312e-04,-6.282222626746711569e+01,-8.181969395744701501e+01,6.362183730267061037e+02
-5.747063591231167667e-02,-5.116320013920367532e-02,5.887569746603833927e-04,-6.281978732080143857e+01,-8.182169668990219691e+01,6.362647666894901022e+02
-5.755852586980775287e-02,-5.232100718451788979e-02,5.209440531769200800e-04,-6.282004486211290128e+01,-8.182066908755253110e+01,6.361550639001153513e+02
-5.774439363460126540e-02,-5.111504528319719964e-02,5.205838182515664650e-04,-6.282708598341915263e+01,-8.181926564531035240e+01,6.362735671619218465e+02
-5.783970911635502588e-02,-5.177982392527862021e-02,5.580473279899237325e-04,-6.282029186426311185e+01,-8.181912800970545163e+01,6.361781204904900733e+02
-5.780970571999526769e-02,-5.184091391027806361e-02,5.500305747399488474e-04,-6.282030736163272167e+01,-8.182200302055795760e+01,6.362190986869919698e+02
-5.769307504640960871e-02,-5.215807274401999122e-02,5.912426310537938169e-04,-6.281489112343747649e+01,-8.182345075053297023e+01,6.361561385070546066e+02
-5.752807754325707512e-02,-5.200308848171415060e-02,5.670191266812977084e-04,-6.281718521932458543e+01,-8.182337207381438304e+01,6.361782511383188421e+02
-5.771011370734428769e-02,-5.158578238529911569e-02,5.409631430237661067e-04,-6.282902447423516179e+01,-8.182338603250502729e+01,6.361921079181320238e+02
-5.737343303868705502e-02,-5.202851067774363208e-02,5.516102581840859938e-04,-6.281770574673161178e+01,-8.181954101448323513e+01,6.361483389920731497e+02
-5.799728137310396214e-02,-5.171192166610009272e-02,5.872480166109276525e-04,-6.281576255464621283e+01,-8.182381320390823021e+01,6.362023173123478728e+02
-5.794885881122027044e-02,-5.150712002271700535e-02,5.304568631958095403e-04,-6.282156945529439440e+01,-8.181730883995685133e+01,6.362467607542068890e+02
-5.768698519873566993e-02,-5.148804494813834232e-02,5.438824519631559008e-04,-6.282250932270471822e+01,-8.182114124031414804e+01,6.362262679711610645e+02
-5.792130460072673209e-02,-5.130147462998460584e-02,5.397060574679069921e-04,-6.282530827210895552e+01,-8.181877580924921745e+01,6.362563269038327007e+02
-5.792531785424483853e-02,-5.128589986230345371e-02,5.607057959987188627e-04,-6.282500610103036109e+01,-8.182162849300954122e+01,6.362497665359164785e+02
-5.777275071537986417e-02,-5.210713000373053128e-02,5.325683342288866197e-04,-6.282122321829023548e+01,-8.181953703220747798e+01,6.361533575933689235e+02
-5.760701372791868224e-02,-5.115170251616388969e-02,5.438167356510344727e-04,-6.282352227399690747e+01,-8.182010121276935877e+01,6.362508666930521031e+02
-5.841624459247943268e-02,-5.158169394731415558e-02,5.365974971413022855e-04,-6.282245265053216343e+01,-8.181921633283465667e+01,6.362510812959233135e+02
-5.765530946965681525e-02,-5.193973182250853637e-02,5.768924311156750249e-04,-6.282319484621785222e+01,-8.182778746612149234e+01,6.361555854957251768e+02
-5.780613872814939491e-02,-5.162936689902555831e-02,5.646557546490230204e-04,-6.282070519501672123e+01,-8.182236733584510091e+01,6.362322393304974639e+02
-5.788520110065074886e-02,-5.134289806927863631e-02,5.783228972203441733e-04,-6.281963804241274829e+01,-8.182078281933910091e+01,6.362773807612026076e+02
-5.794145338905774822e-02,-5.195398750625492001e-02,5.087340236800553649e-04,-6.282728889594069699e+01,-8.181730965187294657e+01,6.361679894286505714e+02
-5.760358768474194147e-02,-5.203570517520027944e-02,5.623297257986844752e-04,-6.281437669825265857e+01,-8.182192813831896672e+01,6.361900865309681876e+02
-5.720306845883852548e-02,-5.150411173151667188e-02,5.377239818416398257e-04,-6.282203050012167012e+01,-8.181964868135756319e+01,6.362003068424207868e+02
-5.751475367977756936e-02,-5.188065553907108413e-02,5.615042525150864194e-04,-6.282492881967433362e+01,-8.182360379318301113e+01,6.361838411752978573e+02
-5.801959665632962920e-02,-5.141434241400817673e-02,5.617975702703531310e-04,-6.282106579593674667e+01,-8.182203825413785125e+01,6.362227028020232638e+02
-5.774127933467444740e-02,-5.172117717666883246e-02,5.293593996155468960e-04,-6.282149675192354721e+01,-8.181879628656051295e+01,6.361952082184195660e+02
-5.761134612247800074e-02,-5.092740599606147833e-02,5.545326966228646950e-04,-6.282560026867005121e+01,-8.181975825440554217e+01,6.362681873580904721e+02
-5.802151149284530407e-02,-5.175757852739693021e-02,5.149661691831334881e-04,-6.282449506784907101e+01,-8.181840934622013606e+01,6.362284792193286194e+02
-5.742320067350237256e-02,-5.202390516604588067e-02,5.423490603566253178e-04,-6.282079144271619953e+01,-8.182041122725944149e+01,6.361656393251806776e+02
-5.771591714817921048e-02,-5.154509726563341609e-02,5.751328668392216136e-04,-6.281842333898492825e+01,-8.182343171099229551e+01,6.362181221715768515e+02
-5.799908874633211142e-02,-5.159708544037461958e-02,5.656313425761227759e-04,-6.281728594025911860e+01,-8.182146875031347122e+01,6.362487088101690915e+02
-5.770779143790955024e-02,-5.124915068914364519e-02,5.495468653281755829e-04,-6.282314302523997185e+01,-8.182015009888111479e+01,6.362485941999779016e+02
-5.746132187693629018e-02,-5.185667764102670774e-02,5.277496122837416030e-04,-6.282188268670956433e+01,-8.182224274697473732e+01,6.361799938810643198e+02
-5.725510771935572035e-02,-5.131748884189770571e-02,5.879566270306527077e-04,-6.282034024175661102e+01,-8.182293407209184011e+01,6.362270501289408458e+02
-5.798125903371081913e-02,-5.177502359040093982e-02,5.531371716187449177e-04,-6.282117505043432715e+01,-8.182502490128888439e+01,6.362093642410707162e+02
-5.816951831938679124e-02,-5.161444630370200931e-02,5.319062614403122832e-04,-6.281747927105913476e+01,-8.181779307407811075e+01,6.362202157615485021e+02
-5.813980778096970725e-02,-5.204580816447895025e-02,4.923388874567662110e-04,-6.282511617376159307e+01,-8.181864603876590536e+01,6.361662779623363804e+02
-5.795150631607198094e-02,-5.155865046661520928e-02,5.505493509458008524e-04,-6.282487693730075762e+01,-8.182215444410699945e+01,6.361846748445767616e+02
-5.760202352459392605e-02,-5.178140330183935575e-02,5.567564687303333494e-04,-6.281984810224925297e+01,-8.182472717310965038e+01,6.362023268770385585e+02
-5.768881684170371060e-02,-5.174567492096414367e-02,5.461422916005470975e-04,-6.282726682598764256e+01,-8.181994985624476158e+01,6.361817544155229598e+02
-5.779447959000472840e-02,-5.177937964793301318e-02,5.924869825206436529e-04,-6.281918586078037947e+01,-8.182381497386842284e+01,6.361973935487277458e+02
-5.777550403923819439e-02,-5.128866093633323991e-02,5.468434789700979404e-04,-6.282214208324401028e+01,-8.181903091794212912e+01,6.362436316145012825e+02
-5.813795275538097967e-02,-5.147903715105332789e-02,5.429779052049087942e-04,-6.282142409710972686e+01,-8.182232769899725611e+01,6.362432951400212460e+02
-5.759226635185005216e-02,-5.144508413709793920e-02,5.398584848718005272e-04,-6.282311107965294639e+01,-8.181758256358369863e+01,6.362118948753440009e+02
-5.798378184786658757e-02,-5.229010109199312001e-02,5.132465530821449413e-04,-6.282068922531501443e+01,-8.181791654620431586e+01,6.361403778543835870e+02
-5.808369392463456210e-02,-5.146866720084897207e-02,5.618293376926144491e-04,-6.282387374191977614e+01,-8.182213491828787255e+01,6.362566435421008464e+02
-5.838360810895214248e-02,-5.157858832458338261e-02,5.527668190018620968e-04,-6.282169268181962707e+01,-8.181758116254798097e+01,6.362642993150155917e+02
-5.752403836038055829e-02,-5.196662385430612929e-02,5.525436020555569505e-04,-6.281963868920421135e+01,-8.182125894718386405e+01,6.361797692491294356e+02
-5.838443651964937003e-02,-5.176956231696794308e-02,4.902324146286601327e-04,-6.282511216749423966e+01,-8.181879166049773744e+01,6.362123770465796042e+02
-5.776811936519803820e-02,-5.173408295540970342e-02,5.060004756077251262e-04,-6.282327954100418310e+01,-8.181782250431409409e+01,6.362010702503836228e+02
-5.786152485971763487e-02,-5.222577151213141089e-02,4.711337435001672932e-04,-6.281912361020452806e+01,-8.181626073459067072e+01,6.361883192785330721e+02
-5.845881473456631533e-02,-5.127964235575355190e-02,5.662218818289287787e-04,-6.282283520180525471e+01,-8.182139972491509639e+01,6.363022104712804321e+02
-5.817821169558940603e-02,-5.250378374954407096e-02,5.060067328119475507e-04,-6.281727747627847691e+01,-8.182139736062936208e+01,6.361462839763763668e+02
-5.812634563310601493e-02,-5.145227120103501584e-02,5.795601968631957897e-04,-6.281971020721368149e+01,-8.182328446024511948e+01,6.362507127201969297e+02
-5.751374887911740036e-02,-5.145031193525047286e-02,5.572569617143132261e-04,-6.281856514782516143e+01,-8.182146471167644108e+01,6.362144215335133595e+02
-5.776253438636862192e-02,-5.134496307303126894e-02,5.422540428272449404e-04,-6.282461516962209913e+01,-8.182121125106118598e+01,6.361921532217331787e+02
-5.701854392075746125e-02,-5.185170801139783042e-02,6.129300571713772530e-04,-6.281670422821766664e+01,-8.182428868027695046e+01,6.361346248310555893e+02
-5.703603655068161665e-02,-5.115919446210430432e-02,5.666630453454356503e-04,-6.281676180914453766e+01,-8.181806835612887596e+01,6.362074305480066414e+02
-5.769739064567382808e-02,-5.137756784301008434e-02,6.310147887503976235e-04,-6.282131309611843051e+01,-8.182527234114738235e+01,6.362082941142004984e+02
-5.809508275174550540e-02,-5.180927987257164663e-02,5.737961357219566834e-04,-6.282137023835409195e+01,-8.182199068455520319e+01,6.362017150056278751e+02
-5.786219170285664126e-02,-5.182868258414841806e-02,5.053692097387279918e-04,-6.282698230980372500e+01,-8.181679452282710940e+01,6.361780182000429704e+02
-5.774548951286375548e-02,-5.168050215338300390e-02,5.264089108647112582e-04,-6.282011313857982060e+01,-8.181751600199864072e+01,6.361806222904348260e+02
-5.756994439235420258e-02,-5.189687881446134604e-02,5.886258703834464784e-04,-6.281849936963993031e+01,-8.182446244053541307e+01,6.361878851404234183e+02
-5.767335581556217589e-02,-5.164793112921785972e-02,5.110348385217408120e-04,-6.282373507053955564e+01,-8.181803312522396254e+01,6.362454029518095240e+02
-5.733449606270249466e-02,-5.164845434751202252e-02,6.020393031011410422e-04,-6.281552331130835398e+01,-8.182640084763596633e+01,6.361790433934551174e+02
-5.766360847398030454e-02,-5.103745141724973927e-02,5.488222114942675452e-04,-6.282367206505570323e+01,-8.182012608889381511e+01,6.362610461959126269e+02
-5.804961077847189954e-02,-5.178060151213568357e-02,5.235478030633221877e-04,-6.281944554767991207e+01,-8.181901697687733588e+01,6.362061824750073811e+02
-5.761550922874251329e-02,-5.182292148402427301e-02,5.854342240760621952e-04,-6.281524998865460674e+01,-8.182374098580413602e+01,6.361890333491634237e+02
-5.818229254654515986e-02,-5.218354935602883410e-02,5.275799273848520970e-04,-6.282013252434975215e+01,-8.182003726623807438e+01,6.361670081906078167e+02
-5.747951188514168613e-02,-5.136245881700891164e-02,5.871745872884807449e-04,-6.281884863317785062e+01,-8.182338671854222412e+01,6.362362061234587145e+02
-5.778060986439954166e-02,-5.131345807918519242e-02,5.797508379083018493e-04,-6.281909144157644675e+01,-8.182376072211219764e+01,6.362786821946104965e+02
-5.767614148767095938e-02,-5.113532201285941187e-02,5.220003944945938957e-04,-6.282449263255614369e+01,-8.181761763686390054e+01,6.362871241791916646e+02
-5.811241148908202758e-02,-5.155870126028402889e-02,5.560800109628660608e-04,-6.282253397583525611e+01,-8.182168849814868850e+01,6.362158240224138126e+02
-5.777475272814829033e-02,-5.132568904156637607e-02,5.436943565392082615e-04,-6.282139518074028217e+01,-8.182047120871995105e+01,6.362419755351486401e+02
-5.763700592496925207e-02,-5.151218420614760846e-02,5.491409053496695185e-04,-6.281511125706730070e+01,-8.182173602410529156e+01,6.362537688269767386e+02
-5.738562255845517518e-02,-5.196752105811503625e-02,5.145727285968802354e-04,-6.282233454981719234e+01,-8.181905027208253500e+01,6.361852280389032330e+02
-5.785277342117891436e-02,-5.124943035567996324e-02,5.744849752836014888e-04,-6.281835807089420598e+01,-8.182415663228115932e+01,6.362705702238814638e+02
-5.748920109054855843e-02,-5.131368092030855893e-02,5.763724234244577312e-04,-6.282164940071198345e+01,-8.182294202998606636e+01,6.362564715093219547e+02
-5.779037934872052751e-02,-5.121189558954107601e-02,5.424082004340122437e-04,-6.282391094762698458e+01,-8.182065776190933093e+01,6.362387816605832995e+02
-5.779778208620383467e-02,-5.158127607725129793e-02,5.765164061041267883e-04,-6.282115812621523787e+01,-8.182324623915670259e+01,6.362132127699123885e+02
-5.792018228607843933e-02,-5.126697693458398541e-02,5.520572525993448732e-04,-6.282031908269572540e+01,-8.182116317865408917e+01,6.362727917429010631e+02
-5.783851316369349738e-02,-5.152493331785075459e-02,5.778734463759880539e-04,-6.282224185773002034e+01,-8.182261423247896914e+01,6.361911788097629596e+02
-5.810772571083652749e-02,-5.177025229667420181e-02,5.772052544997225256e-04,-6.281622815371243007e+01,-8.182108854180000890e+01,6.362232457566399262e+02
-5.754913444332177691e-02,-5.177590785492559161e-02,5.538195939285299376e-04,-6.281946234322269618e+01,-8.182178477913829795e+01,6.361716620761551440e+02
-5.810987328032939797e-02,-5.199346904113427009e-02,5.187017153206718292e-04,-6.282161861603024988e+01,-8.182160023572521368e+01,6.362152404951235667e+02
-5.804178158443296098e-02,-5.181570631055943538e-02,5.252831737965345422e-04,-6.281878862110571760e+01,-8.181961089423798228e+01,6.361931641240875024e+02
-5.753009172069654259e-02,-5.203259968917808842e-02,5.398472597515112988e-04,-6.281980575814667844e+01,-8.182189020919116729e+01,6.361606032984435615e+02
-5.800538904571910653e-02,-5.165730614154775968e-02,5.589981922335734640e-04,-6.281878662211909869e+01,-8.182148122765433129e+01,6.362411564496670735e+02
-5.789632814675271799e-02,-5.153178146735904602e-02,5.531355613100580673e-04,-6.282187920349092281e+01,-8.182195779033934002e+01,6.362358110660375132e+02
-5.790787685931149398e-02,-5.193860231358803786e-02,5.318426513103232008e-04,-6.282025916049233416e+01,-8.182115532671687674e+01,6.362003899529935325e+02
-5.746963995418499782e-02,-5.160470256186388410e-02,5.893328366627531047e-04,-6.281852936823581501e+01,-8.182579015636758868e+01,6.362157600033420977e+02
-5.808497985744327102e-02,-5.239501509706314536e-02,5.480887566931039699e-04,-6.281428573302346763e+01,-8.182303484884177180e+01,6.361499982833491913e+02
-5.792374892534453423e-02,-5.188085916345760301e-02,5.160434554509932097e-04,-6.282467627669363708e+01,-8.181760219622105978e+01,6.361826109332076840e+02
-5.786740698778396891e-02,-5.193609889866698109e-02,5.108586971321341314e-04,-6.281797796050308591e+01,-8.181967456049825671e+01,6.361650218930474239e+02
-5.766176425865495586e-02,-5.181880720040668575e-02,5.126569578430038117e-04,-6.282083207272619774e+01,-8.181827122565104560e+01,6.361891147630616388e+02
-5.784916084219388077e-02,-5.131472000074446815e-02,5.686175749259702152e-04,-6.281867476494186775e+01,-8.182368928677202291e+01,6.362742172468209674e+02
-5.826857375464875033e-02,-5.198786087552482310e-02,5.319255751367007838e-04,-6.281877706381091286e+01,-8.181922326023719449e+01,6.361832718190519245e+02
-5.773592010088721832e-02,-5.175443042909005920e-02,5.386056387145080927e-04,-6.282274843995442382e+01,-8.182132440786173788e+01,6.361967595282527554e+02
-5.819494448866139452e-02,-5.130167206705137789e-02,5.807370956527604586e-04,-6.282171986943507136e+01,-8.182254010221041085e+01,6.362641737057917908e+02
-5.818303256765371134e-02,-5.186464867239011511e-02,5.350927322151728584e-04,-6.282251880449392445e+01,-8.182158842066347404e+01,6.362219607309033336e+02
-5.788188049978645888e-02,-5.117500587555243868e-02,5.993435431102836454e-04,-6.282323954803644739e+01,-8.182543577558907089e+01,6.362652423958755890e+02
-5.785281689126103855e-02,-5.183290338603443320e-02,5.471352896104970682e-04,-6.281408647501132947e+01,-8.182424577529170051e+01,6.362231896909146371e+02
-5.753102426697226379e-02,-5.193787677679276293e-02,5.956213118764866130e-04,-6.281478202408071354e+01,-8.182362840494000977e+01,6.361944618889311869e+02
-5.727827598708754714e-02,-5.092899318081030302e-02,5.997338724903806964e-04,-6.282572359487593161e+01,-8.182551203058679334e+01,6.362314288579561889e+02
-5.824452581219297098e-02,-5.174908531853762705e-02,5.616671933073507728e-04,-6.281858317939922642e+01,-8.182522569719159833e+01,6.362044828297395043e+02
-5.824651731729688087e-02,-5.175560729923826125e-02,5.982451509974235108e-04,-6.282045966705357642e+01,-8.182806987683754585e+01,6.362120688998966216e+02
-5.808498155507581945e-02,-5.161709341737729523e-02,5.865347407898171758e-04,-6.281783612689196161e+01,-8.182455031293690695e+01,6.362328361223792399e+02
-5.786523272037222276e-02,-5.224815187732499006e-02,5.608117811859387796e-04,-6.281849457429168382e+01,-8.182347464738413123e+01,6.361259169962510214e+02
-5.768809133959532098e-02,-5.183591515425761687e-02,5.674028231796798567e-04,-6.282013314935358750e+01,-8.182391984722715961e+01,6.361351828611361725e+02
-5.777941760472059957e-02,-5.160392030026886290e-02,5.429874474296403049e-04,-6.282145750461711486e+01,-8.182286193484522130e+01,6.362245996488117044e+02
-5.784441875731012594e-02,-5.156284056704589502e-02,5.558721804251891187e-04,-6.282079014511250392e+01,-8.181980660995468213e+01,6.362175460790964507e+02
-5.776823895740914455e-02,-5.179315802628637472e-02,5.166631357588911044e-04,-6.282104290126537904e+01,-8.182043700895256677e+01,6.362042017714304620e+02
-5.780487968045444624e-02,-5.199735577293483624e-02,5.476803666516140597e-04,-6.282046609314674868e+01,-8.181906495218903785e+01,6.361865748200499411e+02
-5.793322769631111674e-02,-5.162096765227812412e-02,5.774036210130857778e-04,-6.281875817779972948e+01,-8.182176372607965220e+01,6.362156245532997900e+02
-5.801450523401639747e-02,-5.201118315874762865e-02,5.337833320144650968e-04,-6.281750288839300822e+01,-8.182355362314230263e+01,6.361864914586634541e+02
-5.768777835498339890e-02,-5.187579553889368200e-02,5.137253983048295806e-04,-6.282146738752079784e+01,-8.182125477290659887e+01,6.362003929767233785e+02
-5.789554119811710781e-02,-5.174741916993837176e-02,5.203641468900282920e-04,-6.282186078442929755e+01,-8.182034314017667498e+01,6.362244737857604377e+02
-5.762461765006717668e-02,-5.124327190286566414e-02,5.775371814876195664e-04,-6.282298173048724266e+01,-8.182325591801270548e+01,6.362566292828364567e+02
-5.780639240474826773e-02,-5.178188152203453548e-02,5.565100783697441485e-04,-6.281902443005837711e+01,-8.182224396287996626e+01,6.361936959668101963e+02
-5.776068025296586528e-02,-5.120487508548109828e-02,5.533738781292656074e-04,-6.282464093745433331e+01,-8.181974832794517738e+01,6.362720721886639694e+02
-5.772861938264624987e-02,-5.195247599978995712e-02,5.609696628533784434e-04,-6.282030796324966815e+01,-8.182276961037067053e+01,6.361762058591050391e+02
-5.836044788529259897e-02,-5.218114490983819659e-02,5.124252885032599654e-04,-6.281864624281918452e+01,-8.182070735959894137e+01,6.361810890777121585e+02
-5.732421134159016579e-02,-5.124912541849586251e-02,5.718494380447681352e-04,-6.282319342003970775e+01,-8.182042020334816357e+01,6.362504501104061774e+02
-5.783640471193243759e-02,-5.232499832221364222e-02,4.967349980308643099e-04,-6.281612559419717456e+01,-8.181934406964168716e+01,6.361530845069119096e+02
-5.774381884697794148e-02,-5.217893016537183265e-02,5.286266282201050907e-04,-6.281807701257321241e+01,-8.181723619183642882e+01,6.361613608097028418e+02
-5.726229613099106941e-02,-5.128891615024593759e-02,5.952326749384423844e-04,-6.282081165675641188e+01,-8.182664003812382703e+01,6.362467882820945988e+02
-5.798032975557821517e-02,-5.142534235047398206e-02,5.690396234609040220e-04,-6.282014128701177924e+01,-8.182389275633026671e+01,6.362485576432967491e+02
-5.788359448954438768e-02,-5.117466950646634705e-02,5.395342291384905590e-04,-6.282427338111767057e+01,-8.182124090246581716e+01,6.362551478359627026e+02
-5.738072490235098660e-02,-5.173334469974487371e-02,5.707982924542320206e-04,-6.281582280971035459e+01,-8.182544791650535387e+01,6.361735061810544494e+02
-5.807445167241915424e-02,-5.162769798200224358e-02,5.461803510520220383e-04,-6.282325932120757983e+01,-8.181638370413364214e+01,6.361878542695600345e+02
-5.808018432530751701e-02,-5.153627444728996893e-02,5.463257569179697740e-04,-6.282164235415503128e+01,-8.181849739749388561e+01,6.362372167364424058e+02
-5.737699785081909476e-02,-5.193607899310807158e-02,5.197997270802888134e-04,-6.281984419476762582e+01,-8.181884409104148403e+01,6.361436169897015134e+02
-5.785969407548979815e-02,-5.206063064843464289e-02,5.332070563548935768e-04,-6.282050954496925499e+01,-8.182101238578178481e+01,6.361503613984374397e+02
-5.792844452430120222e-02,-5.102766760068708912e-02,5.592381156436969716e-04,-6.282524297471535135e+01,-8.182298608436991572e+01,6.362658350004627437e+02
-5.816882049961508844e-02,-5.132603025019299992e-02,5.508761916024391579e-04,-6.282335176804396326e+01,-8.182140964891793544e+01,6.362502521259883679e+02
-5.786125390242521233e-02,-5.189422255148487539e-02,5.469665408851431734e-04,-6.281804642070100186e+01,-8.182192536863446719e+01,6.361884822737953300e+02
-5.772758855818984486e-02,-5.106830282004450744e-02,5.768797957692460478e-04,-6.282285498957907066e+01,-8.182262092410869059e+01,6.362639743150430149e+02
-5.784432118363337649e-02,-5.174195402417490486e-02,5.459739539244691997e-04,-6.282065957935309086e+01,-8.182151482731329395e+01,6.362072967832338009e+02
-5.763801921047163185e-02,-5.145359369791810411e-02,5.992187029324248272e-04,-6.281916937681326374e+01,-8.182262096278655861e+01,6.361874670059719392e+02
-5.787207051667488111e-02,-5.213123626312856501e-02,5.357229264800966121e-04,-6.281581789674378058e+01,-8.182329722219959933e+01,6.361696733515744882e+02
-5.788237391755385319e-02,-5.150065202690545796e-02,4.982474152817181409e-04,-6.282324857938753837e+01,-8.181808345300250096e+01,6.362300975480919760e+02
-5.795374994755948111e-02,-5.106353295858571950e-02,5.468065599540244959e-04,-6.282176297073060312e+01,-8.182294867620048251e+01,6.362932026107330330e+02
-5.795163750018618443e-02,-5.260672584891339792e-02,5.308002330303251796e-04,-6.281881240060340588e+01,-8.181943786619937953e+01,6.360887954788312300e+02
-5.767050912627336157e-02,-5.166657718191715321e-02,5.012784200287866750e-04,-6.282092937335621485e+01,-8.181889949399707973e+01,6.362004258900354898e+02
-5.759588971244440636e-02,-5.141471126347785942e-02,5.329871330933440288e-04,-6.282059990677576167e+01,-8.181772695490020908e+01,6.362160297632029824e+02
-5.768750194939993581e-02,-5.179896788708642646e-02,5.396364894861524790e-04,-6.281856819378634782e+01,-8.182171869683591581e+01,6.362081395939469530e+02
-5.739760251048698497e-02,-5.094543910257487429e-02,5.612074445000362613e-04,-6.282208245454580720e+01,-8.181836982404237801e+01,6.362822658474603941e+02
-5.741054235731721245e-02,-5.132336731229319299e-02,5.756348201833132996e-04,-6.282125562999110002e+01,-8.182546986114793697e+01,6.362401465768285789e+02
-5.781801343487201483e-02,-5.212117970757700058e-02,5.600624815314981120e-04,-6.281568853035064848e+01,-8.182293242434988656e+01,6.361676026653450435e+02
-5.719306390785049155e-02,-5.177079693962225587e-02,5.647683407564219916e-04,-6.282008744127661970e+01,-8.182337603924206348e+01,6.361765323582070550e+02
-5.764437311442967976e-02,-5.184324789856874921e-02,5.399510263851103452e-04,-6.281974718374274147e+01,-8.182118107569090171e+01,6.361972265629342473e+02
-5.837218455891876601e-02,-5.186762013628396645e-02,5.253665251405233898e-04,-6.282037506299119656e+01,-8.181822110131975023e+01,6.361950470002872180e+02
-5.758372761176078908e-02,-5.109756536304227437e-02,5.611529117314022728e-04,-6.282282343228971655e+01,-8.182228319229913893e+01,6.362595135656177945e+02
-5.735599098849977762e-02,-5.099524929067893869e-02,5.516560659081765723e-04,-6.282303806529150592e+01,-8.182167029993284757e+01,6.362491898987210561e+02
-5.771613078616106424e-02,-5.149649599758571172e-02,5.300665560933957680e-04,-6.282621644347121759e+01,-8.181959591673830801e+01,6.361940280322374974e+02
-5.814860608604113107e-02,-5.118572145704732013e-02,5.429966431036718950e-04,-6.282503439614586682e+01,-8.182077483353957348e+01,6.362822419957573175e+02
-5.751609000407603006e-02,-5.165674805755006427e-02,5.727671914897574951e-04,-6.281473383049284109e+01,-8.182320177438100473e+01,6.361908016253119058e+02
-5.804082810425130468e-02,-5.217353116442209615e-02,5.570912432088181120e-04,-6.281699928206916184e+01,-8.182105116999905192e+01,6.361486338806704453e+02
-5.756025281938163124e-02,-5.167569763084015749e-02,5.289057347145327895e-04,-6.281737724888183294e+01,-8.181877030207402868e+01,6.362075333436165465e+02
-5.785521978059695453e-02,-5.187821281429247366e-02,5.388705648532604066e-04,-6.282088239951924180e+01,-8.182070868913298511e+01,6.361857933864216648e+02
-5.790686345454607725e-02,-5.208421543612815757e-02,5.489958593204648674e-04,-6.282120611576617364e+01,-8.182403073007925798e+01,6.361653552159734772e+02
-5.798915043273838998e-02,-5.165242954611625609e-02,6.011082431676632431e-04,-6.281961823676834911e+01,-8.182348311167713462e+01,6.361981802726874093e+02
-5.798491589836841931e-02,-5.167802491360931616e-02,5.533265207159399112e-04,-6.281841847849348426e+01,-8.182128935530576541e+01,6.362238923645896875e+02
-5.778805121922869076e-02,-5.214439566526542225e-02,5.477899527279454957e-04,-6.281414806028737274e+01,-8.182277023913786707e+01,6.361867495802316625e+02
-5.752006329098335174e-02,-5.144409838569190957e-02,5.617865239932165380e-04,-6.282032037087478926e+01,-8.182755459319925251e+01,6.362223772388862244e+02
-5.836186869098205360e-02,-5.144714428124610994e-02,5.823565031226645350e-04,-6.282287989649694993e+01,-8.182238489521216707e+01,6.362428951101531993e+02
-5.776214780334544552e-02,-5.151513759244594204e-02,5.821964967578492590e-04,-6.282346842398678177e+01,-8.182323307530417367e+01,6.361905980965641447e+02
-5.797832234079846464e-02,-5.164803417474451985e-02,5.503874177356265270e-04,-6.281719111837985992e+01,-8.181946417899736446e+01,6.362195154786315925e+02
-5.771028607608155725e-02,-5.161410417393451355e-02,5.641607008860422033e-04,-6.282031378400736799e+01,-8.181976741785233287e+01,6.362176287862757817e+02
-5.814941348034716878e-02,-5.183610300916671049e-02,5.309268642688793694e-04,-6.281643234426459799e+01,-8.182028309218901541e+01,6.361877491926559287e+02
-5.772921520443904247e-02,-5.120005051189136652e-02,5.506273148523288183e-04,-6.282473297805526613e+01,-8.182333411934921230e+01,6.362767396604972419e+02
-5.766339472612557610e-02,-5.157038715280629765e-02,5.585849941707215398e-04,-6.282128637950754779e+01,-8.182183296051753985e+01,6.361705411208725991e+02
-5.776687225118148222e-02,-5.160906895966012320e-02,5.771627626379318516e-04,-6.281871834120011755e+01,-8.182104283823672120e+01,6.362051093940143573e+02
-5.799933431166412467e-02,-5.191750740154758154e-02,4.968492843793515011e-04,-6.282017125789953838e+01,-8.181644873502571613e+01,6.361864821442502489e+02
-5.758999287770576181e-02,-5.230663323445696594e-02,4.995861312311501842e-04,-6.282287952745273429e+01,-8.181725603528596480e+01,6.361243246178506752e+02
-5.791688060363175961e-02,-5.153022288514738647e-02,5.525666881172811408e-04,-6.282218492264475174e+01,-8.182256982088659925e+01,6.362096441529794220e+02
-5.797315970170962424e-02,-5.178428122569875974e-02,5.393510991596895537e-04,-6.282112208836256428e+01,-8.182037955736649337e+01,6.362077439587696972e+02
-5.787060289066348062e-02,-5.170246127464458996e-02,5.336976533814396335e-04,-6.282157889291395492e+01,-8.181906640600836056e+01,6.362033029657229690e+02
-5.757654228669160240e-02,-5.202201601910893397e-02,5.516485816533915360e-04,-6.281887263145120670e+01,-8.182368694268632225e+01,6.361514181104487307e+02
-5.752920959283846364e-02,-5.190825893994351070e-02,5.389402438795108923e-04,-6.281775263946134658e+01,-8.181703414207338199e+01,6.361468793831714947e+02
-5.797266449363176061e-02,-5.130563718498245412e-02,5.857024996661333496e-04,-6.282292435972942002e+01,-8.182157879048797611e+01,6.362309693013320384e+02
-5.728612033233075607e-02,-5.172136021602258271e-02,5.357148752012345786e-04,-6.282188813812486927e+01,-8.182164184516537375e+01,6.361669180931235132e+02
-5.759974350249557479e-02,-5.208043840907919386e-02,5.476129066298394011e-04,-6.281940120601709054e+01,-8.182302888608057856e+01,6.361557753639988277e+02
-5.801879546820036537e-02,-5.156983909375872227e-02,5.600670833843756063e-04,-6.282047003616393255e+01,-8.182518788004689725e+01,6.362241956837340240e+02
-5.768360091069449358e-02,-5.114427798425977972e-02,5.243113778076984987e-04,-6.282344876415849910e+01,-8.182012292653340069e+01,6.362677216533520550e+02
-5.796227817334355381e-02,-5.202024713232109715e-02,5.737870903179911235e-04,-6.281511057824497613e+01,-8.181810004089817312e+01,6.361568233385737585e+02
-5.754753485240677452e-02,-5.180747738015747256e-02,5.593958041908526566e-04,-6.282130617305840303e+01,-8.181992239694274360e+01,6.361836516779873136e+02
-5.824252021258746748e-02,-5.183831316593456168e-02,5.683022341915722978e-04,-6.281649219195990952e+01,-8.182317792175489046e+01,6.361938113639083667e+02
-5.781942008393326643e-02,-5.160255471309688202e-02,5.449607556574594981e-04,-6.281977909202456800e+01,-8.182185130423093256e+01,6.362349737417487177e+02
-5.772240925871888889e-02,-5.169366661944387042e-02,5.471778037820606948e-04,-6.281847091887068046e+01,-8.182057866374331923e+01,6.362162141968515243e+02
-5.711102689932454068e-02,-5.200682477713204632e-02,5.664938958210795870e-04,-6.281582407208894381e+01,-8.182478772133326572e+01,6.361299739558925239e+02
-5.807812216632745467e-02,-5.162735465903211390e-02,5.300705256441138463e-04,-6.282627010663392042e+01,-8.182216423372180714e+01,6.361980792866345382e+02
-5.744601395859699755e-02,-5.162626572816877979e-02,5.583954761930036989e-04,-6.282062426750899675e+01,-8.182003876044161927e+01,6.361769290451871939e+02
-5.800564317135248338e-02,-5.189441554376320737e-02,5.629301511767461491e-04,-6.282171334483294345e+01,-8.182066329368170443e+01,6.361736512309671525e+02
-5.799538375021467268e-02,-5.193827498572629181e-02,4.733055458810909630e-04,-6.282438347859658023e+01,-8.181656215341095617e+01,6.361838607952014399e+02
-5.740865565176268837e-02,-5.172324386431882692e-02,5.390253781238356790e-04,-6.281837340371976097e+01,-8.182072839105596529e+01,6.361579725757484312e+02
-5.799690350090132285e-02,-5.198253534193833514e-02,5.201678109756398142e-04,-6.282121217868042606e+01,-8.181930606275334128e+01,6.361821375842267798e+02
-5.785699338160701921e-02,-5.158787936508972549e-02,5.646075609436666896e-04,-6.282462767148956573e+01,-8.181897919404207187e+01,6.361859821969703717e+02
-5.748252468853601305e-02,-5.175152491166992719e-02,5.876265605967128779e-04,-6.281897602980652806e+01,-8.182397879033671018e+01,6.362302580455728958e+02
-5.811262488471106297e-02,-5.164703226006198827e-02,5.320122284561163307e-04,-6.282235931083183544e+01,-8.181821430270792916e+01,6.362279680714744927e+02
-5.753594065295615512e-02,-5.193562985228991624e-02,5.536969621582682119e-04,-6.281508171718480327e+01,-8.182172894063866408e+01,6.361429600054427738e+02
-5.757402880055983996e-02,-5.159790576870818685e-02,5.603542852043403915e-04,-6.282012437929433446e+01,-8.182292572850982992e+01,6.362025273810432964e+02
-5.777121376074401127e-02,-5.120806047146042594e-02,5.616560263582711472e-04,-6.282442084051430697e+01,-8.182150856136838968e+01,6.362651183835927213e+02
-5.788293483684264079e-02,-5.173596225872043042e-02,5.683697343817160214e-04,-6.282425385151710628e+01,-8.182198968484310342e+01,6.361717089449583682e+02
-5.782200173585309855e-02,-5.113747284258265274e-02,5.616248811967123212e-04,-6.282721701911731316e+01,-8.181814191716669882e+01,6.362322459013089428e+02
-5.740777399125001484e-02,-5.131183198969700709e-02,5.526911432710354547e-04,-6.281948740892130445e+01,-8.182001693300304623e+01,6.362399901611537416e+02
-5.785206165322628880e-02,-5.114629451661702186e-02,5.706373259938071762e-04,-6.281705138378920594e+01,-8.182329402490802295e+01,6.362692537617666630e+02
-5.758252119523668555e-02,-5.178251577731519950e-02,5.189880930172558566e-04,-6.282176350138659160e+01,-8.181956436035538616e+01,6.361572170656614844e+02
-5.763261981605195816e-02,-5.135276265562768727e-02,5.219027813893195459e-04,-6.282714530531983854e+01,-8.181944352145738719e+01,6.362202321770732851e+02
-5.759616335590613673e-02,-5.187575323987975162e-02,5.331078333977224727e-04,-6.281581194631249332e+01,-8.182074961513733058e+01,6.361632603598295645e+02
-5.824738201957677108e-02,-5.214223882854159692e-02,5.453502303068215751e-04,-6.282016450119454021e+01,-8.182266701437073664e+01,6.361484880568538074e+02
-5.765499858089821045e-02,-5.181271078984115569e-02,5.596954511198731471e-04,-6.281693008014423896e+01,-8.182307670202570193e+01,6.361805338755452794e+02
-5.777338127742294438e-02,-5.154953761279004731e-02,5.176175398302862137e-04,-6.282439798958095167e+01,-8.181909842524136423e+01,6.362169855762870156e+02
-5.738024921347519014e-02,-5.107777451593676493e-02,5.457400883601158442e-04,-6.282685249811469674e+01,-8.182054544018215836e+01,6.362445097711737390e+02
-5.728684406045480432e-02,-5.155181127010319969e-02,5.594035919978504641e-04,-6.281933516238540705e+01,-8.182420078397751695e+01,6.362158982235043823e+02
-5.776012194348738998e-02,-5.119918364961481561e-02,5.183179165154943755e-04,-6.282448894942406525e+01,-8.181519070461351362e+01,6.362507990436671435e+02
-5.755601705229990844e-02,-5.129457411126195354e-02,5.341964518127805678e-04,-6.282412264123717449e+01,-8.181651479605712041e+01,6.362377536752454716e+02
-5.775633685550574797e-02,-5.125565872133674983e-02,6.085680827020363863e-04,-6.281981308435499045e+01,-8.182818618659052845e+01,6.362475685578551747e+02
-5.814717196862481674e-02,-5.171812315148698047e-02,5.551721621477454698e-04,-6.282023793942392587e+01,-8.182461127503520970e+01,6.362300290141652113e+02
-5.781701641679374420e-02,-5.169113476564120985e-02,5.782227652437966960e-04,-6.282330656212645437e+01,-8.182756319346654550e+01,6.362040236474372250e+02
-5.766770730843227138e-02,-5.155583818538519991e-02,5.324109068563105110e-04,-6.282124845192808493e+01,-8.182134989471380493e+01,6.362208680138254522e+02
-5.808409915609189650e-02,-5.168642640548447992e-02,5.442692600921522454e-04,-6.282254708643617391e+01,-8.181974308762352166e+01,6.362112999117789514e+02
-5.810001852509050213e-02,-5.116586283930748408e-02,5.600776281020425698e-04,-6.282487713763885750e+01,-8.182066983658805270e+01,6.363064638423716133e+02
-5.810426121886510392e-02,-5.076797941712999501e-02,5.781739998305851546e-04,-6.282668895319078928e+01,-8.181950635014122497e+01,6.363142599821948124e+02
-5.794027729832430806e-02,-5.187632852996995614e-02,5.611168061750848720e-04,-6.281875660239521864e+01,-8.182104704808776319e+01,6.361500849021101658e+02
-5.753836288935892246e-02,-5.193967644089613617e-02,5.693911626919840544e-04,-6.281707918399108337e+01,-8.182595485518048406e+01,6.361877971163046368e+02
-5.765166135487551080e-02,-5.134976507314226168e-02,5.720691150707686969e-04,-6.281510247739985431e+01,-8.182301697821884545e+01,6.362543441238821060e+02
-5.743190776032705558e-02,-5.170071159818492856e-02,6.007153029188791460e-04,-6.281408343684166340e+01,-8.182610329433953211e+01,6.361924834723045024e+02
-5.789902221469728910e-02,-5.127134045533851547e-02,5.774132192883892414e-04,-6.282193149140284305e+01,-8.182278598795740265e+01,6.362557311760513130e+02
-5.732197227467746015e-02,-5.166796473791392119e-02,5.612036064255210462e-04,-6.282039080081383275e+01,-8.182363287526274576e+01,6.361910787747910945e+02
-5.779719141335663141e-02,-5.091790937266890693e-02,5.697411016872402445e-04,-6.282559218709661053e+01,-8.182396882606242627e+01,6.362774462321466444e+02
-5.772344566310331354e-02,-5.143666873998455763e-02,5.644101176017765143e-04,-6.282285742410455498e+01,-8.182381393150505744e+01,6.362112990112640318e+02
-5.786995426838344170e-02,-5.170349917526870925e-02,5.528942794718721401e-04,-6.282161144798113384e+01,-8.182392167446830911e+01,6.361906432051825959e+02
-5.763589111838625378e-02,-5.210030082897874198e-02,5.581298950510550638e-04,-6.281973508246657190e+01,-8.182205351476470412e+01,6.361302185171300607e+02
-5.787533247331213410e-02,-5.165421663149034198e-02,5.214322011511070059e-04,-6.281944111147706877e+01,-8.181971997498064297e+01,6.362318851979650844e+02
-5.767406154945697860e-02,-5.128513433570632690e-02,5.481998875379309267e-04,-6.282362780856139040e+01,-8.181938876637573799e+01,6.362532619494788833e+02
-5.771227873833519040e-02,-5.178908864472485385e-02,5.623099819807701218e-04,-6.281728589948036756e+01,-8.182482364541736786e+01,6.361826732286995139e+02
-5.797719862109924904e-02,-5.166329462851367710e-02,5.286310108178186471e-04,-6.282262580328541191e+01,-8.182127429665494844e+01,6.362068811085622428e+02
-5.769943320856459751e-02,-5.132109646672822212e-02,5.484231821060862096e-04,-6.282280402421900334e+01,-8.182396392377276584e+01,6.362411716546640719e+02
-5.743000442070105710e-02,-5.137144270275111058e-02,5.625870379087277240e-04,-6.282182175483325182e+01,-8.182289790740436786e+01,6.362150307628024848e+02
-5.831046031683783520e-02,-5.167487962612732355e-02,5.018701132571017944e-04,-6.282652253560173250e+01,-8.181608424364090126e+01,6.361954628238831901e+02
-5.775727668840493351e-02,-5.178162671926091198e-02,5.085194064021015614e-04,-6.282309731609737469e+01,-8.181734614621305468e+01,6.361784286976550220e+02
-5.777752334337748347e-02,-5.160582585335635186e-02,5.453109026476368878e-04,-6.282123630502736944e+01,-8.182229349249413985e+01,6.361755587564813368e+02
-5.778611859136728590e-02,-5.155960157865565469e-02,5.411615822561418113e-04,-6.281941976478865541e+01,-8.182170369675091592e+01,6.362236731507781542e+02
-5.746455735592431724e-02,-5.165004500704882540e-02,5.328428168811981608e-04,-6.281991468417899682e+01,-8.181992938319631037e+01,6.361822632940393305e+02
-5.759137803379619364e-02,-5.180877123353112151e-02,5.888499115729066901e-04,-6.281497237659979049e+01,-8.182722270664133646e+01,6.361821238439913486e+02
-5.731063035074790424e-02,-5.180789600883922014e-02,5.387193372474392882e-04,-6.281987395292448895e+01,-8.181908498184289158e+01,6.361523043598081131e+02
-5.769356864653869821e-02,-5.138066790159561553e-02,5.394143429896158717e-04,-6.282235980643088880e+01,-8.181896072822689803e+01,6.362254399522920494e+02
-5.790670712913094376e-02,-5.164235231063641490e-02,5.750933984051435563e-04,-6.282275798166151759e+01,-8.182226081294933806e+01,6.362166940194581457e+02
-5.788845617671684735e-02,-5.124331058186104570e-02,5.235043990943641585e-04,-6.282213361193758061e+01,-8.181776458649110850e+01,6.362298199892312596e+02
-5.757244789012443131e-02,-5.179824929321771854e-02,5.457987757217908466e-04,-6.281881968705710051e+01,-8.182207537089479388e+01,6.362035936784234309e+02
-5.764355279614141736e-02,-5.175239438767366418e-02,5.459289633012948464e-04,-6.281876824313303587e+01,-8.182520517211894173e+01,6.361902472474356500e+02
-5.795444040923655032e-02,-5.172626926912651107e-02,5.284521687938463063e-04,-6.282090370104083377e+01,-8.182049714870292689e+01,6.362101190835832085e+02
-5.770593855458945598e-02,-5.177585922034132204e-02,5.541050243733446458e-04,-6.281791093485465183e+01,-8.182359106072543398e+01,6.362010648156605157e+02
-5.750240552717680864e-02,-5.167946899983807268e-02,5.713331714180938442e-04,-6.282001214568269631e+01,-8.182370383915012724e+01,6.361939333757132999e+02
-5.716210597796927279e-02,-5.214545550031151472e-02,5.451764309010711986e-04,-6.281719232388033447e+01,-8.182325132160514158e+01,6.361042133697480949e+02
-5.777743030137111324e-02,-5.190641861300136772e-02,5.836471568210815832e-04,-6.281338487099176149e+01,-8.182516597316030982e+01,6.361824092352450180e+02
-5.790350061540232296e-02,-5.159948547501846255e-02,5.243329725873385402e-04,-6.282173945542790250e+01,-8.181812178727354024e+01,6.362345301083224740e+02
-5.742714999092150135e-02,-5.118177973575778472e-02,5.791047331803569117e-04,-6.281953787350855123e+01,-8.182419725933131360e+01,6.362569278892837019e+02
-5.773895116889051632e-02,-5.246844978470655702e-02,4.811401372636087549e-04,-6.281984147951281727e+01,-8.181649727739943501e+01,6.360834775236746736e+02
-5.782924784068397411e-02,-5.129675057786803327e-02,5.478374151222473610e-04,-6.282606839955619193e+01,-8.181905207258034807e+01,6.362050862702419636e+02
-5.751352255279228859e-02,-5.156623263595088574e-02,5.681489880803779159e-04,-6.281574411715159556e+01,-8.182138808356285153e+01,6.362116410352384719e+02
-5.785464870366994333e-02,-5.138459035616988607e-02,5.414070732755496248e-04,-6.282180177570435120e+01,-8.182298803538742504e+01,6.362170703862983601e+02
-5.782942101125071455e-02,-5.168472983137534227e-02,5.794004071119344306e-04,-6.281899643212066309e+01,-8.182513511006737872e+01,6.362063981121385723e+02
-5.781423885805779539e-02,-5.212813412531273893e-02,4.902178057934428613e-04,-6.282235862755554479e+01,-8.181703856154574339e+01,6.361769419631756364e+02
-5.757790765773165842e-02,-5.185613434861383042e-02,5.210547540897700813e-04,-6.281997106798522168e+01,-8.181820783176071643e+01,6.361886834156096029e+02
-5.755675805066195333e-02,-5.161945540538568494e-02,5.942602212975132926e-04,-6.281649824741020893e+01,-8.182534732713862979e+01,6.361895274722644444e+02
-5.775900524712458683e-02,-5.154667782584082536e-02,5.187473108459171069e-04,-6.282302559161060884e+01,-8.182084694173076400e+01,6.362129857279851421e+02
-5.763049459274099257e-02,-5.204189434586499463e-02,5.552090525876076385e-04,-6.281825160091482729e+01,-8.182266687198543309e+01,6.361800340004111831e+02
-5.775742656296863065e-02,-5.144551782690358344e-02,5.840689626197306502e-04,-6.282343109286627936e+01,-8.182404861361847281e+01,6.361920647534161617e+02
-5.767259548876902536e-02,-5.110746823201716554e-02,5.642318273184639523e-04,-6.282151909272162271e+01,-8.181913360509695110e+01,6.362579791877940352e+02
-5.788860616593384523e-02,-5.195799855407974566e-02,5.576096283011816243e-04,-6.281633818973550376e+01,-8.181998835825680771e+01,6.361512292550844450e+02
-5.798794036528072404e-02,-5.195337039870371459e-02,5.189338837309973029e-04,-6.282096469123700189e+01,-8.181911985799577280e+01,6.361502018327485075e+02
-5.754130076860976967e-02,-5.116447095536501982e-02,5.747802009584733821e-04,-6.282259463207601158e+01,-8.182346626881331986e+01,6.362189944099618515e+02
-5.750474489138537870e-02,-5.139281347730143695e-02,5.792802139033664246e-04,-6.282124568773120643e+01,-8.182322910183513898e+01,6.361908364561028293e+02
-5.759265455183927573e-02,-5.131865457259485175e-02,6.055717783569026461e-04,-6.281931684427408413e+01,-8.182690608527767040e+01,6.362476514819434215e+02
-5.741861634306816287e-02,-5.112072473689457941e-02,5.780044013017498778e-04,-6.282133350398421356e+01,-8.182348041106089909e+01,6.362228143362674473e+02
-5.769190867917479981e-02,-5.153797435370350427e-02,5.540434915812709636e-04,-6.282023002142327783e+01,-8.182013542193527655e+01,6.362267823881911681e+02
-5.768723356749983627e-02,-5.177607015281606578e-02,5.638573721067114027e-04,-6.281774376643839730e+01,-8.182091845248372408e+01,6.361987462452262889e+02
-5.792020807792158665e-02,-5.137640921490040785e-02,5.930359603495528138e-04,-6.282056617408275656e+01,-8.182391375657093135e+01,6.362431063964889972e+02
-5.752367961224691406e-02,-5.198076580431116450e-02,5.234866756179622736e-04,-6.282313084666037639e+01,-8.181895424881194856e+01,6.361557719348065802e+02
-5.764844218518844210e-02,-5.198183744592243388e-02,5.067863587052362593e-04,-6.281815915567752029e+01,-8.181837395513575473e+01,6.361435967197112404e+02
-5.776583573443756781e-02,-5.218737058567307630e-02,5.367105259172079250e-04,-6.281771784905803457e+01,-8.182181140374875383e+01,6.361517479586701711e+02
-5.764285488785465816e-02,-5.195654072375053417e-02,5.809782531538343819e-04,-6.282064863829742052e+01,-8.182295279265494514e+01,6.361643105735370227e+02
-5.811323478697434652e-02,-5.138735404778389804e-02,5.407772847937106307e-04,-6.282204707126680887e+01,-8.182036302308480913e+01,6.362804118814201502e+02
-5.774008112436183893e-02,-5.172038646194745265e-02,5.393513997494834948e-04,-6.282438892993658897e+01,-8.182152587338258343e+01,6.362135285333488355e+02
-5.824823208685694920e-02,-5.122216309554437907e-02,5.645754492102384456e-04,-6.282361731848533282e+01,-8.182152836129068874e+01,6.362428804871964303e+02
-5.781411598748936731e-02,-5.142609360388492035e-02,5.698355606866778401e-04,-6.281590137933493168e+01,-8.182367849290169204e+01,6.362164222104609053e+02
-5.773627864262419890e-02,-5.116462020573050995e-02,6.276209963739180081e-04,-6.282031374867373330e+01,-8.182774687432876703e+01,6.362818691909349127e+02
-5.762076200336024162e-02,-5.200559045153559795e-02,5.488133666583157886e-04,-6.281695766670885206e+01,-8.182121357377539539e+01,6.361515900400664805e+02
-5.775183239800056600e-02,-5.127657784044853395e-02,5.128206208470686197e-04,-6.282416171962677254e+01,-8.181913401936941455e+01,6.362410108744430772e+02
-5.801374001722338358e-02,-5.183562721642109156e-02,5.355467189233421074e-04,-6.282072359633190217e+01,-8.182071930490455713e+01,6.362071632334369724e+02
-5.772684657315684670e-02,-5.209462936539512729e-02,5.569680772381640230e-04,-6.281372879766151129e+01,-8.182229148033238175e+01,6.361636563553000769e+02
-5.778942741726233318e-02,-5.149886466750858843e-02,5.634480033311680541e-04,-6.281804417421968623e+01,-8.182205339538255373e+01,6.361908597278353454e+02
-5.741098309318868470e-02,-5.157139862934227714e-02,5.271749190272339170e-04,-6.282104838189474805e+01,-8.181948353209936897e+01,6.362101370602982797e+02
-5.826509614726416847e-02,-5.172663658648554014e-02,4.971950341240095796e-04,-6.282602287970060928e+01,-8.181968208257356423e+01,6.362397498694240312e+02
-5.739880543686758096e-02,-5.100723864131897350e-02,5.580436271565292206e-04,-6.282356578916554213e+01,-8.182120309453219420e+01,6.362524642693758778e+02
-5.759302258186328738e-02,-5.169681613848511881e-02,5.989528598600452882e-04,-6.281997815722993295e+01,-8.182530503490193041e+01,6.361818125568020150e+02
-5.754562398622248970e-02,-5.266778203435434902e-02,5.070560139684056203e-04,-6.281429267641232883e+01,-8.181873215041309777e+01,6.360520816896635097e+02
-5.762742701512645754e-02,-5.150811501700232331e-02,5.720965674658500455e-04,-6.281945006637967310e+01,-8.182361770693279368e+01,6.362027775097722042e+02
-5.815889712206685769e-02,-5.121655723696429130e-02,5.681258838166984831e-04,-6.282381237147817643e+01,-8.182315087522846397e+01,6.362362023852733728e+02
-5.802730271469048323e-02,-5.165538261518833746e-02,5.242810841645880902e-04,-6.282452061104362429e+01,-8.181751149763894659e+01,6.361992824663008150e+02
-5.806808739584386203e-02,-5.155781403905515536e-02,5.195909196396799505e-04,-6.282586068806736534e+01,-8.181935810382277907e+01,6.362357119112029977e+02
-5.781782396216543496e-02,-5.183648312884261283e-02,5.646096386192174998e-04,-6.281874284856408508e+01,-8.182232708192375981e+01,6.361810062105671477e+02
-5.765430591158764856e-02,-5.194860207769014943e-02,5.318106888581739184e-04,-6.281545774538987814e+01,-8.182190382923917582e+01,6.361703095928464791e+02
-5.746375076614483601e-02,-5.103845566626167424e-02,5.308708977392242317e-04,-6.282654580791380994e+01,-8.181904354986619410e+01,6.362315820878463910e+02
-5.770314739360166145e-02,-5.144415547339263595e-02,5.362048060271683812e-04,-6.282279295598679170e+01,-8.182208184647123517e+01,6.362212503424325405e+02
-5.822274991083414147e-02,-5.184659105656386213e-02,5.252348986327179002e-04,-6.282210297458808412e+01,-8.181988648523561380e+01,6.361681412399026385e+02
-5.772910206688006834e-02,-5.161104077281641889e-02,5.673154971252151102e-04,-6.282348089309815720e+01,-8.182195862423098731e+01,6.361878581974286817e+02
-5.805652693332140346e-02,-5.169991339323157242e-02,4.974855703034947348e-04,-6.282224333319422982e+01,-8.181516970656544174e+01,6.362519051960704246e+02
-5.803428864187416825e-02,-5.115084970304619588e-02,5.463331710382728209e-04,-6.282453278479960801e+01,-8.181974277133750206e+01,6.362717856627514266e+02
-5.738689091026173000e-02,-5.140386651866716422e-02,5.278467864314882914e-04,-6.282501566567690077e+01,-8.181560744916626504e+01,6.362089115578927476e+02
-5.763214105646149304e-02,-5.126200629467578262e-02,5.289637970376021752e-04,-6.282454042421685614e+01,-8.181844728797784683e+01,6.362299856934278068e+02
-5.747551433296229501e-02,-5.169563109272944795e-02,5.488117523600998535e-04,-6.281959988244049953e+01,-8.181920286530996123e+01,6.361566599302884697e+02
-5.748999328097126327e-02,-5.207088835090555728e-02,5.841205581033244443e-04,-6.281444725303504129e+01,-8.182580254902610761e+01,6.361553330972501499e+02
-5.770889356388372859e-02,-5.167309129496263503e-02,5.484051398764556518e-04,-6.281917632122587491e+01,-8.182107114190785069e+01,6.361887833112957651e+02
-5.816244522575286097e-02,-5.164249318104448261e-02,5.261535301757450100e-04,-6.282513043634060779e+01,-8.181963115707252143e+01,6.362275820381424865e+02
-5.770036842959987144e-02,-5.148198079979057068e-02,5.727237759792483309e-04,-6.281686956375151709e+01,-8.181857999568525486e+01,6.361988381413591469e+02
-5.782290250746584259e-02,-5.112729738473912461e-02,5.554493677481414692e-04,-6.282562268415104256e+01,-8.181974420294348249e+01,6.362590761601637723e+02
-5.806460619923373145e-02,-5.055070582204370527e-02,6.098573981411735661e-04,-6.282609790294772978e+01,-8.182616941655481924e+01,6.363343931053088909e+02
-5.762451938561588549e-02,-5.213579753539200612e-02,5.039703466923056837e-04,-6.281663140279076174e+01,-8.181840783625665381e+01,6.361322310004311475e+02
-5.756135060420590477e-02,-5.140966824564677240e-02,5.882104863221540234e-04,-6.282300489162323487e+01,-8.182284422088028464e+01,6.362054791596550558e+02
-5.762421902494284376e-02,-5.155403522490489138e-02,6.099205477539931114e-04,-6.282009299788534662e+01,-8.182438255112093373e+01,6.362183620238747608e+02
-5.795203670065009194e-02,-5.163750810220160692e-02,5.356691538444620284e-04,-6.282339913562052658e+01,-8.181835023070122759e+01,6.361926933099803136e+02
-5.791363644976632585e-02,-5.212320332365732306e-02,5.566898920223863718e-04,-6.281550861521079554e+01,-8.182185429436455593e+01,6.361510083053686913e+02
-5.762526136777687547e-02,-5.131488429349877894e-02,5.697612837420317237e-04,-6.282235661350352274e+01,-8.182436110218876024e+01,6.362176141722242164e+02
-5.814897069253918693e-02,-5.199204217965679858e-02,5.205852134183957527e-04,-6.281972573150201811e+01,-8.181769385893588264e+01,6.361691778858083808e+02
-5.780619885483864046e-02,-5.135913643467118761e-02,5.719827305993115856e-04,-6.281838782928380027e+01,-8.182313906052742425e+01,6.362744759471951284e+02
-5.757452658262268014e-02,-5.197073371327507602e-02,5.159271048687102956e-04,-6.281853419931888283e+01,-8.181741001798165769e+01,6.361617330927464309e+02
-5.763685812346718007e-02,-5.177122935866796533e-02,5.395015082582373198e-04,-6.282179785627786117e+01,-8.181732846530088921e+01,6.361990215519621188e+02
-5.797903232371701132e-02,-5.134150066099377185e-02,6.244525970895502785e-04,-6.282083029412680020e+01,-8.182487191314932318e+01,6.362512050248290052e+02
-5.763360826841967127e-02,-5.195317409458449082e-02,5.239401367540296242e-04,-6.281925421935876841e+01,-8.181860675601640764e+01,6.361537748439186544e+02
-5.792774732690783579e-02,-5.125228106123341093e-02,5.391766813853253763e-04,-6.282642933299551657e+01,-8.181990518813705648e+01,6.362369754467525809e+02
-5.787317054713324305e-02,-5.133556746659818926e-02,5.160408022556390358e-04,-6.282385006279316997e+01,-8.181760042554462586e+01,6.362119728503485021e+02
-5.756629819028940415e-02,-5.150811075732950745e-02,6.080244265580651061e-04,-6.281896904905327261e+01,-8.182642094888677775e+01,6.361983427780897955e+02
-5.749519837979832210e-02,-5.120590446000626572e-02,5.636790607561734025e-04,-6.282355437190364000e+01,-8.182186065499281824e+01,6.362448584138620618e+02
-5.762991378566999917e-02,-5.175935511102359998e-02,5.348578192690744753e-04,-6.282390590447177914e+01,-8.181738782681797773e+01,6.361439915360423356e+02
-5.799709438905538417e-02,-5.155181530552022801e-02,5.790063796688451562e-04,-6.282575107789185864e+01,-8.182336682381966853e+01,6.362026083249036219e+02
-5.811230065847590442e-02,-5.150490408152050975e-02,5.566657518469060465e-04,-6.281840050122507080e+01,-8.182223863223245530e+01,6.362433637667513722e+02
-5.803371360461111184e-02,-5.174893735367760289e-02,5.013423651479905103e-04,-6.282097035441958610e+01,-8.182075574448546718e+01,6.361643820835329279e+02
-5.759119251014784002e-02,-5.164968142332170692e-02,5.110552640372347357e-04,-6.282365908651500774e+01,-8.182246945400757454e+01,6.361851641482213608e+02
-5.781515051562040319e-02,-5.128309559910230325e-02,4.872323025382511107e-04,-6.282706579346803011e+01,-8.181211828656996943e+01,6.362589109100565565e+02
-5.769052346710343976e-02,-5.185487968389231039e-02,5.529226780081914362e-04,-6.282058954474813817e+01,-8.182069927155201583e+01,6.362131468865904935e+02
-5.791472985130802220e-02,-5.194555914618322751e-02,5.337447262584177213e-04,-6.282125218589779792e+01,-8.181854120644239003e+01,6.361810434870386644e+02
-5.792053495569120247e-02,-5.150315224141144288e-02,5.725217512968760461e-04,-6.281879369783285938e+01,-8.182339455918888405e+01,6.362380165523719597e+02
-5.751088376570159116e-02,-5.221570521823285654e-02,4.964354180829778918e-04,-6.282055732633701695e+01,-8.182160389510740117e+01,6.361347532248065590e+02
-5.771806855669944780e-02,-5.146842877306351260e-02,5.534799528944687932e-04,-6.282256205386899950e+01,-8.182053157412060784e+01,6.361850495593288315e+02
-5.745922644632077414e-02,-5.161958243609673924e-02,5.680637962620785700e-04,-6.282414234825600374e+01,-8.182374455827913096e+01,6.361803470043598736e+02
-5.814440381087962462e-02,-5.196093526713673610e-02,5.974458869949102972e-04,-6.281586636306280269e+01,-8.182464450040947668e+01,6.362002093825091151e+02
-5.782209479960915416e-02,-5.232668528061057422e-02,5.163169371950963307e-04,-6.282077354652439993e+01,-8.181918466451634231e+01,6.361139505861485759e+02
-5.797762645096008610e-02,-5.159038295246808764e-02,5.935491657690964394e-04,-6.281593564057852319e+01,-8.182805498139414624e+01,6.362307911002540095e+02
-5.766995691146629965e-02,-5.152765333309058254e-02,5.901863186810611716e-04,-6.281781046070094021e+01,-8.182543794805283710e+01,6.361971976864615499e+02
-5.762039930031713497e-02,-5.209563892320546313e-02,4.817453170655191337e-04,-6.282805522492331818e+01,-8.181846699060260164e+01,6.361173676600874387e+02
-5.743199597782411292e-02,-5.174346395558222095e-02,5.791929171286956538e-04,-6.281689248068027354e+01,-8.182625250857292087e+01,6.361950181404562272e+02
-5.782541708276413284e-02,-5.152131096027188356e-02,5.586310535457143832e-04,-6.281869708308380496e+01,-8.182487188821187374e+01,6.362100488029730059e+02
-5.784088383381583848e-02,-5.162380663935352970e-02,5.252680941254850343e-04,-6.282493428353883047e+01,-8.182002145932561632e+01,6.361945325974601246e+02
-5.780114394682427797e-02,-5.117021304573256268e-02,5.750237473173465961e-04,-6.282218434577055888e+01,-8.182241988496073759e+01,6.362293283583936727e+02
-5.827318066234434685e-02,-5.210959004328616362e-02,5.331673202719175745e-04,-6.282091818436333597e+01,-8.182478600838685168e+01,6.361562139060117715e+02
-5.755251294068323975e-02,-5.138069503937520849e-02,5.972120222797876752e-04,-6.282337279904219685e+01,-8.182742720137453318e+01,6.362015723453953342e+02
-5.797208537926249600e-02,-5.136537876744248776e-02,5.229964213424730286e-04,-6.282202492189564680e+01,-8.181889517639467613e+01,6.362228772222628095e+02
-5.758549378266755725e-02,-5.173860595069416923e-02,5.590255299976541574e-04,-6.281992990503064078e+01,-8.182149530279494343e+01,6.361688420217104749e+02
